"Number","User","Date Submitted","Country","Source URL","Device","Browser","OS","Response URL","Emotion (1-5)","Message","Email"
"25","77bc2ba8","2022-04-28 13:15:26","Peru","https://credicorpcapitallab-testing.modyo.build/transaccionales-qa/clientes/pagos-a-terceros/retiro-archivo-plano","desktop","Chrome 97.0.4692","Windows 10","https://insights.hotjar.com/sites/2706530/feedback/responses/391874?frid=82985761","3","bien RC",""
"24","e8bcaa6b","2022-04-27 21:35:35","Peru","https://credicorpcapitallab-testing.modyo.be/transaccionales-dev2/clientes/pagos-a-terceros/retiro-archivo-plano","desktop","Chrome 100.0.4896","Mac OS X 10.15.7","https://insights.hotjar.com/sites/2706530/feedback/responses/391874?frid=82955316","5","Muy buena Env QA CY ",""
"23","eb308c4b","2022-03-15 19:26:23","Colombia","https://credicorpcapitallab-testing.modyo.be/transaccionales-dev2/clientes/pagos-a-terceros/retiro-archivo-plano","desktop","Chrome 99.0.4844","Windows 10","https://insights.hotjar.com/sites/2706530/feedback/responses/391874?frid=80659525","2","NO CARGAN LAS CUENTA",""
"22","eb308c4b","2022-03-15 01:49:08","Colombia","https://credicorpcapitallab-testing.modyo.be/transaccionales-dev2/clientes/pagos-a-terceros/retiro-archivo-plano","desktop","Chrome 99.0.4844","Windows 10","https://insights.hotjar.com/sites/2706530/feedback/responses/391874?frid=80614023","4","prueba archivo plano JVQ",""
"21","eb308c4b","2022-03-14 17:53:58","Colombia","https://credicorpcapitallab-testing.modyo.be/transaccionales-dev2/clientes/pagos-a-terceros/retiro-archivo-plano","desktop","Chrome 99.0.4844","Windows 10","https://insights.hotjar.com/sites/2706530/feedback/responses/391874?frid=80591947","3","producto de Origen Usuario Preparadoj JVQ",""
"20","d9d59015","2022-03-14 16:21:55","Peru","https://credicorpcapitallab-testing.modyo.be/transaccionales-dev2/clientes/pagos-a-terceros/retiro-archivo-plano","desktop","Chrome 98.0.4758","Windows 10","https://insights.hotjar.com/sites/2706530/feedback/responses/391874?frid=80586503","3","s",""
"19","df8a3f6a","2022-03-14 13:36:52","Colombia","https://credicorpcapitallab-testing.modyo.be/transaccionales-dev2/clientes/pagos-a-terceros/retiro-archivo-plano","desktop","Edge 98.0.1108","Windows 10","https://insights.hotjar.com/sites/2706530/feedback/responses/391874?frid=80577214","5","",""
"18","257c1e9d","2022-03-10 16:07:26","Colombia","https://credicorpcapitallab-testing.modyo.be/transaccionales-dev2/clientes/pagos-a-terceros/retiro-archivo-plano","desktop","Chrome 99.0.4844","Windows 10","https://insights.hotjar.com/sites/2706530/feedback/responses/391874?frid=80384311","5","",""
"17","257c1e9d","2022-03-10 16:04:54","Colombia","https://credicorpcapitallab-testing.modyo.be/transaccionales-dev2/clientes/pagos-a-terceros/retiro-archivo-plano","desktop","Chrome 99.0.4844","Windows 10","https://insights.hotjar.com/sites/2706530/feedback/responses/391874?frid=80384177","5","",""
"16","257c1e9d","2022-03-10 16:04:38","Colombia","https://credicorpcapitallab-testing.modyo.be/transaccionales-dev2/clientes/pagos-a-terceros/retiro-archivo-plano","desktop","Chrome 99.0.4844","Windows 10","https://insights.hotjar.com/sites/2706530/feedback/responses/391874?frid=80384166","5","",""
"15","257c1e9d","2022-03-10 16:04:07","Colombia","https://credicorpcapitallab-testing.modyo.be/transaccionales-dev2/clientes/pagos-a-terceros/retiro-archivo-plano","desktop","Chrome 99.0.4844","Windows 10","https://insights.hotjar.com/sites/2706530/feedback/responses/391874?frid=80384129","3","klkllk",""
"14","257c1e9d","2022-03-10 16:03:57","Colombia","https://credicorpcapitallab-testing.modyo.be/transaccionales-dev2/clientes/pagos-a-terceros/retiro-archivo-plano","desktop","Chrome 99.0.4844","Windows 10","https://insights.hotjar.com/sites/2706530/feedback/responses/391874?frid=80384116","5","",""
"13","257c1e9d","2022-03-10 15:52:56","Colombia","https://credicorpcapitallab-testing.modyo.be/transaccionales-dev2/clientes/pagos-a-terceros/retiro-archivo-plano","desktop","Chrome 99.0.4844","Windows 10","https://insights.hotjar.com/sites/2706530/feedback/responses/391874?frid=80383453","5","pruebas , seleccione el selector de cuentas",""
"12","257c1e9d","2022-03-10 15:49:50","Colombia","https://credicorpcapitallab-testing.modyo.be/transaccionales-dev2/clientes/pagos-a-terceros/retiro-archivo-plano","desktop","Chrome 99.0.4844","Windows 10","https://insights.hotjar.com/sites/2706530/feedback/responses/391874?frid=80383252","5","",""
"11","257c1e9d","2022-03-10 15:49:33","Colombia","https://credicorpcapitallab-testing.modyo.be/transaccionales-dev2/clientes/pagos-a-terceros/retiro-archivo-plano","desktop","Chrome 99.0.4844","Windows 10","https://insights.hotjar.com/sites/2706530/feedback/responses/391874?frid=80383233","5","",""
"10","257c1e9d","2022-03-10 15:49:02","Colombia","https://credicorpcapitallab-testing.modyo.be/transaccionales-dev2/clientes/pagos-a-terceros/retiro-archivo-plano","desktop","Chrome 99.0.4844","Windows 10","https://insights.hotjar.com/sites/2706530/feedback/responses/391874?frid=80383194","5","",""
"9","257c1e9d","2022-03-10 15:47:09","Colombia","https://credicorpcapitallab-testing.modyo.be/transaccionales-dev2/clientes/pagos-a-terceros/retiro-archivo-plano","desktop","Chrome 99.0.4844","Windows 10","https://insights.hotjar.com/sites/2706530/feedback/responses/391874?frid=80383071","5","fdssf",""
"8","257c1e9d","2022-03-10 15:46:37","Colombia","https://credicorpcapitallab-testing.modyo.be/transaccionales-dev2/clientes/pagos-a-terceros/retiro-archivo-plano","desktop","Chrome 99.0.4844","Windows 10","https://insights.hotjar.com/sites/2706530/feedback/responses/391874?frid=80383024","5","srggdgssd",""
"7","257c1e9d","2022-03-10 15:45:37","Colombia","https://credicorpcapitallab-testing.modyo.be/transaccionales-dev2/clientes/pagos-a-terceros/retiro-archivo-plano","desktop","Chrome 99.0.4844","Windows 10","https://insights.hotjar.com/sites/2706530/feedback/responses/391874?frid=80382944","5","klkllkñ",""
"6","257c1e9d","2022-03-10 15:45:25","Colombia","https://credicorpcapitallab-testing.modyo.be/transaccionales-dev2/clientes/pagos-a-terceros/retiro-archivo-plano","desktop","Chrome 99.0.4844","Windows 10","https://insights.hotjar.com/sites/2706530/feedback/responses/391874?frid=80382926","5","",""
"5","257c1e9d","2022-03-10 15:45:08","Colombia","https://credicorpcapitallab-testing.modyo.be/transaccionales-dev2/clientes/pagos-a-terceros/retiro-archivo-plano","desktop","Chrome 99.0.4844","Windows 10","https://insights.hotjar.com/sites/2706530/feedback/responses/391874?frid=80382907","5","sklslkñs",""
"4","257c1e9d","2022-03-10 15:37:43","Colombia","https://credicorpcapitallab-testing.modyo.be/transaccionales-dev2/clientes/pagos-a-terceros/retiro-archivo-plano","desktop","Chrome 99.0.4844","Windows 10","https://insights.hotjar.com/sites/2706530/feedback/responses/391874?frid=80382453","5","",""
"3","257c1e9d","2022-03-10 15:35:47","Colombia","https://credicorpcapitallab-testing.modyo.be/transaccionales-dev2/clientes/pagos-a-terceros/retiro-archivo-plano","desktop","Chrome 99.0.4844","Windows 10","https://insights.hotjar.com/sites/2706530/feedback/responses/391874?frid=80382336","5","ghjlghghlhlh",""
"2","3e0c0d7b","2022-03-04 20:35:55","Peru","https://credicorpcapitallab-testing.modyo.be/transaccionales-dev2/clientes/pagos-a-terceros/retiro-archivo-plano","desktop","Chrome 97.0.4692","Windows 10","https://insights.hotjar.com/sites/2706530/feedback/responses/391874?frid=80076222","3","",""
"1","df8a3f6a","2022-03-04 18:24:38","Colombia","https://credicorpcapitallab-testing.modyo.be/transaccionales-dev2/clientes/pagos-a-terceros/retiro-archivo-plano","desktop","Edge 98.0.1108","Windows 10","https://insights.hotjar.com/sites/2706530/feedback/responses/391874?frid=80069897","5","",""
